,Product Name,Prices,Product Description,Product Ratings
0,"vivo X70 Pro (Cosmic Black, 128 GB)","₹44,999",8 GB RAM | 128 GB ROM16.66 cm (6.56 inch) Full HD+ Display50MP + 12MP + 12MP + 8MP | 32MP Front Camera4450 mAh BatteryMediaTek Dimensity 1200 Processor1 Year for Handset and 6 Months for In-box Accessories,4.5
1,"vivo V23 Pro 5G (Stardust Black, 256 GB)","₹43,990",12 GB RAM | 256 GB ROM16.66 cm (6.56 inch) Full HD+ Display108MP + 8MP + 2MP | 50MP + 8MP Dual Front Camera4300 mAh Lithium BatteryMediatek Dimensity 1200 Processor1 Year Manufacturer Warranty for Phone and 6 Months Warranty for In the Box Accessories,4.2
2,"realme GT NEO 3 (150W) (Sprint White, 256 GB)","₹42,999",12 GB RAM | 256 GB ROM17.02 cm (6.7 inch) Full HD+ Display50MP + 8MP + 2MP | 16MP Front Camera4500 mAh Lithium Ion BatteryMediatek Dimensity 8100 Processor1 Year Manufacturer Warranty for Phone and 6 Months Warranty for In-Box Accessories,4.4
3,"realme GT Neo 3 (150W - Thor Limited Edition) (Nitro Blue, 256 GB)","₹42,999",12 GB RAM | 256 GB ROM17.02 cm (6.7 inch) Full HD+ Display50MP + 8MP + 2MP | 16MP Front Camera4500 mAh Lithium Ion BatteryMediatek Dimensity 8100 Processor1 Year Manufacturer Warranty for Phone and 6 Months Warranty for In-Box Accessories,4.3
4,"realme GT NEO 3 (150W) (Asphalt Black, 256 GB)","₹42,999",12 GB RAM | 256 GB ROM17.02 cm (6.7 inch) Full HD+ Display50MP + 8MP + 2MP | 16MP Front Camera4500 mAh Lithium Ion BatteryMediatek Dimensity 8100 Processor1 Year Manufacturer Warranty for Phone and 6 Months Warranty for In-Box Accessories,4.4
5,"realme X50 Pro (Moss Green, 128 GB)","₹41,999",8 GB RAM | 128 GB ROM16.36 cm (6.44 inch) Full HD+ Display64MP + 12MP + 8MP + 2MP | 32MP + 8MP Dual Front Camera4200 mAh Battery5G PhoneQualcomm Snapdragon 865 Processor65W Superdart ChargeBrand Warranty of 1 Year Available for Mobile and 6 Months for Accessories,4.4
6,"realme X50 Pro (Rust Red, 128 GB)","₹41,999",8 GB RAM | 128 GB ROM16.36 cm (6.44 inch) Full HD+ Display64MP + 12MP + 8MP + 2MP | 32MP + 8MP Dual Front Camera4200 mAh Battery5G PhoneQualcomm Snapdragon 865 Processor65W Superdart ChargeBrand Warranty of 1 Year Available for Mobile and 6 Months for Accessories,4.4
7,"realme GT NEO 3 (150W) (Nitro Blue, 256 GB)","₹42,999",12 GB RAM | 256 GB ROM17.02 cm (6.7 inch) Full HD+ Display50MP + 8MP + 2MP | 16MP Front Camera4500 mAh Lithium Ion BatteryMediatek Dimensity 8100 Processor1 Year Manufacturer Warranty for Phone and 6 Months Warranty for In-Box Accessories,4.4
8,"APPLE iPhone 11 (Purple, 64 GB)","₹42,199",64 GB ROM15.49 cm (6.1 inch) Liquid Retina HD Display12MP + 12MP | 12MP Front CameraA13 Bionic Chip ProcessorBrand Warranty of 1 Year,4.6
9,"APPLE iPhone 11 (Green, 64 GB)","₹42,199",64 GB ROM15.49 cm (6.1 inch) Liquid Retina HD Display12MP + 12MP | 12MP Front CameraA13 Bionic Chip ProcessorBrand Warranty of 1 Year,4.6
10,"SAMSUNG Galaxy A73 5G (Awesome Mint, 128 GB)","₹41,999",8 GB RAM | 128 GB ROM | Expandable Upto 1 TB17.02 cm (6.7 inch) Full HD+ Display108MP + 12MP + 5MP + 5MP | 32MP Front Camera5000 mAh Li-ion BatteryQualcomm Snapdragon 778G Processor1 Year Manufacturer Warranty for Device and 6 Months Manufacturer Warranty for In-Box,4.2
11,"ASUS ROG Phone II (Black, 128 GB)","₹40,999",8 GB RAM | 128 GB ROM16.74 cm (6.59 inch) Full HD+ Display48MP + 13MP | 24MP Front Camera6000 mAh BatteryQualcomm Snapdragon 855 Plus ProcessorBrand Warranty of 1 Year Available for Mobile and 6 Months for Accessories,4.6
12,"REDMI Note 12 Pro+ 5G (Iceberg Blue, 256 GB)","₹32,999",12 GB RAM | 256 GB ROM16.94 cm (6.67 inch) Full HD+ Display200MP + 8MP + 2MP | 16MP Front Camera4980 mAh Lithium Polymer BatteryMediatek Dimensity 1080 Processor1 Year Manufacturer Warranty for Phone and 6 Months Warranty for In the Box Accessories,4.2
13,"REDMI Note 12 Pro+ 5G (Obsidian Black, 256 GB)","₹32,999",12 GB RAM | 256 GB ROM16.94 cm (6.67 inch) Full HD+ Display200MP + 8MP + 2MP | 16MP Front Camera4980 mAh Lithium Polymer BatteryMediatek Dimensity 1080 Processor1 Year Manufacturer Warranty for Phone and 6 Months Warranty for In the Box Accessories,4.2
14,"vivo V25 Pro 5G (Sailing Blue, 128 GB)","₹35,999",8 GB RAM | 128 GB ROM16.66 cm (6.56 inch) Full HD+ Display64MP + 8MP + 2MP | 32MP Front Camera4830 mAh Lithium BatteryMediatek Dimensity 1300 ProcessorColor Changing Fluorite AG Glass Design120 Hz 3D Curve Display1 Year on Handset and 6 Months on Accessories,4.3
15,"SAMSUNG Galaxy A34 5G (Awesome Silver, 128 GB)","₹30,999","8 GB RAM | 128 GB ROM | Expandable Upto 1 TB16.76 cm (6.6 inch) Full HD+ Display48MP + 8MP + 5MP | 13MP Front Camera5000 mAh Li-ion Battery BatteryDimensity 1080, Octa Core Processor1 year manufacturer warranty for device and 6 months manufacturer warranty for in-box accessories",4.2
16,"SAMSUNG Galaxy S21 FE 5G (White, 128 GB)","₹39,999",8 GB RAM | 128 GB ROM16.26 cm (6.4 inch) Full HD+ Display12MP + 12MP + 8MP (OIS) | 32MP Front Camera4500 mAh Lithium-ion Battery1 Year Manufacturer Warranty for Device and 6 Months Manufacturer Warranty for In-Box Accessories,4.3
17,"SAMSUNG Galaxy S21 FE 5G (Graphite, 128 GB)","₹39,999",8 GB RAM | 128 GB ROM16.26 cm (6.4 inch) Full HD+ Display12MP + 12MP + 8MP (OIS) | 32MP Front Camera4500 mAh Lithium-ion Battery1 Year Manufacturer Warranty for Device and 6 Months Manufacturer Warranty for In-Box Accessories,4.3
18,"SAMSUNG Galaxy S21 FE 5G (Lavender, 128 GB)","₹39,999",8 GB RAM | 128 GB ROM16.26 cm (6.4 inch) Full HD+ Display12MP + 12MP + 8MP (OIS) | 32MP Front Camera4500 mAh Lithium-ion Battery1 Year Manufacturer Warranty for Device and 6 Months Manufacturer Warranty for In-Box Accessories,4.3
19,"vivo V25 Pro 5G (Sailing Blue, 256 GB)","₹33,449",12 GB RAM | 256 GB ROM16.66 cm (6.56 inch) Full HD+ Display64MP + 8MP + 2MP | 32MP Front Camera4830 mAh Lithium BatteryMediatek Dimensity 1300 ProcessorColor Changing Fluorite AG Glass Design120 Hz 3D Curve Display1 Year on Handset and 6 Months on Accessories,4.3
20,"Mi 10T (Cosmic Black, 128 GB)","₹23,990",6 GB RAM | 128 GB ROM16.94 cm (6.67 inch) Full HD+ Display64MP + 13MP + 5MP | 20MP Front Camera5000 mAh Li-ion Polymer BatteryQualcomm Snapdragon 865 Processor144Hz Intelligent AdaptiveSync Display33W Dual Split Flash Charge1 Year Manufacturer Warranty for Device and 6 Months Manufacturer Warranty for In-box Accessories,4.2
21,"Mi 10T (Lunar Silver, 128 GB)","₹37,999",8 GB RAM | 128 GB ROM16.94 cm (6.67 inch) Full HD+ Display64MP + 13MP + 5MP | 20MP Front Camera5000 mAh Li-ion Polymer BatteryQualcomm Snapdragon 865 Processor144Hz Intelligent AdaptiveSync Display33W Dual Split Flash Charge1 Year Manufacturer Warranty for Device and 6 Months Manufacturer Warranty for In-box Accessories,4.1
22,"realme GT Neo 3T (Drifting White, 256 GB)","₹38,999",8 GB RAM | 256 GB ROM16.81 cm (6.62 inch) Full HD+ AMOLED Display64MP + 8MP + 2MP | 16MP Front Camera5000 mAh Lithium Ion BatteryQualcomm Snapdragon 870 Processor1 Year Manufacturer Warranty for Phone and 6 Months Warranty for In-Box Accessories,4.3
23,"SAMSUNG Galaxy S21 FE 5G (Olive Green, 128 GB)","₹39,999",8 GB RAM | 128 GB ROM16.26 cm (6.4 inch) Full HD+ Display12MP + 12MP + 8MP (OIS) | 32MP Front Camera4500 mAh Lithium-ion Battery1 Year Manufacturer Warranty for Device and 6 Months Manufacturer Warranty for In-Box Accessories,4.3
24,"POCO F4 5G (Night Black, 256 GB)","₹39,999",12 GB RAM | 256 GB ROM16.94 cm (6.67 inch) Full HD+ Display64MP + 8MP + 2MP | 20MP Front Camera4500 mAh Lithium-ion Polymer BatteryQualcomm Snapdragon 870 Processor2 Years Brand Warranty,4.3
25,"OnePlus 7T (Glacier Blue, 256 GB)","₹35,999",8 GB RAM | 256 GB ROM16.64 cm (6.55 inch) Display48 MP + 12 MP + 16 MP | 16MP Front Camera3800 mAh BatteryQualcomm® Snapdragon™ 855 Plus Processor1 year manufacturer warranty for device and 6 months manufacturer warranty for in-box accessories including batteries from the date of purchase,4.6
26,Cellecor E6+,"₹1,236",32 MB RAM | 32 MB ROM4.57 cm (1.8 inch) Display0.8MP Rear Camera2750 mAh Battery1 year warranty for device and 6months warranty for accessories,3.6
27,Cellecor E10,"₹1,353",32 MB RAM | 32 MB ROM | Expandable Upto 32 GB6.1 cm (2.4 inch) Display0.8MP Rear Camera2750 mAh Battery1 Year Manufacturer Warranty,3.7
28,"OnePlus 7T (Frosted Silver, 128 GB)","₹35,921",8 GB RAM | 128 GB ROM16.64 cm (6.55 inch) Display48 MP + 12 MP + 16 MP | 16MP Front Camera3800 mAh BatteryQualcomm® Snapdragon™ 855 Plus Processor1 year manufacturer warranty for device and 6 months manufacturer warranty for in-box accessories including batteries from the date of purchase,4.6
29,"OnePlus 8 (Interstellar Glow, 256 GB)","₹38,990",12 GB RAM | 256 GB ROM16.64 cm (6.55 inch) Display48MP + 2MP + 16MP4300 mAh BatteryQualcomm Snapdragon 865 Processor1 year manufacturer warranty for device and 6 months manufacturer warranty for in-box accessories,4.5
30,"SAMSUNG Galaxy A53 (Awesome White, 128 GB)","₹31,999",6 GB RAM | 128 GB ROM | Expandable Upto 1 TB16.51 cm (6.5 inch) Full HD+ Display64MP + 12MP + 5MP + 5MP | 32MP Front Camera5000 mAh Lithium Ion BatteryExynos Octa Core Processor Processor1 Year Manufacturer Warranty for Device and 6 Months Manufacturer Warranty for In-Box,4
31,"realme GT Neo 3 (Sprint White, 256 GB)","₹38,999",8 GB RAM | 256 GB ROM17.02 cm (6.7 inch) Full HD+ Display50MP + 8MP + 2MP | 16MP Front Camera5000 mAh Lithium Ion BatteryMediatek Dimensity 8100 Processor1 Year Manufacturer Warranty for Phone and 6 Months Warranty for In-Box Accessories,4.1
32,Cellecor C60+,"₹1,293",32 MB RAM | 32 MB ROM | Expandable Upto 32 GB4.57 cm (1.8 inch) Display0.8MP Rear Camera2750 mAh Battery1 Year Manufacturer Warranty,3.6
33,"realme GT Neo 3 (Sprint White, 128 GB)","₹36,999",8 GB RAM | 128 GB ROM17.02 cm (6.7 inch) Full HD+ Display50MP + 8MP + 2MP | 16MP Front Camera5000 mAh Lithium Ion BatteryMediatek Dimensity 8100 Processor1 Year Manufacturer Warranty for Phone and 6 Months Warranty for In-Box Accessories,4.1
34,"realme GT Neo 3 (Asphalt Black, 128 GB)","₹36,999",8 GB RAM | 128 GB ROM17.02 cm (6.7 inch) Full HD+ Display50MP + 8MP + 2MP | 16MP Front Camera5000 mAh Lithium Ion BatteryMediatek Dimensity 8100 Processor1 Year Manufacturer Warranty for Phone and 6 Months Warranty for In-Box Accessories,4.1
35,"IQOO 9 5G (Alpha, 128 GB)","₹39,990",8 GB RAM | 128 GB ROM16.66 cm (6.56 inch) Display48MP + 48MP + 13MP + 13MP | 16MP + 16MP Dual Front Camera4350 mAh Battery1 Year,4
36,"OnePlus 8 Pro (Onyx Black, 128 GB)","₹37,990",8 GB RAM | 128 GB ROM17.22 cm (6.78 inch) Full HD+ Display48MP + 8MP + 5MP | 16MP Front Camera4510 mAh BatteryQualcomm Snapdragon 865 Processor1 Year,4.6
37,"realme GT Neo 3 (Nitro Blue, 128 GB)","₹36,999",8 GB RAM | 128 GB ROM17.02 cm (6.7 inch) Full HD+ Display50MP + 8MP + 2MP | 16MP Front Camera5000 mAh Lithium Ion BatteryMediatek Dimensity 8100 Processor1 Year Manufacturer Warranty for Phone and 6 Months Warranty for In-Box Accessories,4.1
38,"vivo X21 (Black, 128 GB)","₹36,990",6 GB RAM | 128 GB ROM | Expandable Upto 256 GB15.95 cm (6.28 inch) Full HD+ Display12MP + 5MP | 12MP Front Camera3200 mAh Li-ion BatteryQualcomm Snapdragon 660 AIE ProcessorBrand Warranty of 1 Year Available for Mobile and 6 Months for Accessories,4.3
39,"realme GT Neo 3 (Asphalt Black, 256 GB)","₹38,999",8 GB RAM | 256 GB ROM17.02 cm (6.7 inch) Full HD+ Display50MP + 8MP + 2MP | 16MP Front Camera5000 mAh Lithium Ion BatteryMediatek Dimensity 8100 Processor1 Year Manufacturer Warranty for Phone and 6 Months Warranty for In-Box Accessories,4.1
40,"APPLE iPhone 6 (Silver, 16 GB)","₹36,990",16 GB ROM11.94 cm (4.7 inch) Retina HD Display8MP Rear Camera | 1.2MP Front CameraApple A8 64-bit processor and M8 Motion Co-processor1 Year Manufacturer Warranty,4.4
41,"Lenovo Z6 Pro (Black, 128 GB)","₹39,999",8 GB RAM | 128 GB ROM | Expandable Upto 512 GB16.23 cm (6.39 inch) Full HD+ Display48MP + 2MP + 16MP + 8MP | 32MP Front Camera4000 mAh Li-polymer BatteryQualcomm SDM855 ProcessorBrand Warranty of 1 Year Available for Mobile and 6 Months for Accessories,3.8
42,"realme GT Neo 3 (Nitro Blue, 256 GB)","₹38,999",8 GB RAM | 256 GB ROM17.02 cm (6.7 inch) Full HD+ Display50MP + 8MP + 2MP | 16MP Front Camera5000 mAh Lithium Ion BatteryMediatek Dimensity 8100 Processor1 Year Manufacturer Warranty for Phone and 6 Months Warranty for In-Box Accessories,4.1
43,"APPLE iPhone 8 (Silver, 64 GB)","₹39,900","64 GB ROM11.94 cm (4.7 inch) Retina HD Display12MP Rear Camera | 7MP Front CameraA11 Bionic Chip with 64-bit Architecture, Neural Engine, Embedded M11 Motion Coprocessor ProcessoriOS 13 CompatibleBrand Warranty of 1 Year",4.5
44,"APPLE iPhone 8 (Gold, 64 GB)","₹39,900","64 GB ROM11.94 cm (4.7 inch) Retina HD Display12MP Rear Camera | 7MP Front CameraA11 Bionic Chip with 64-bit Architecture, Neural Engine, Embedded M11 Motion Coprocessor ProcessoriOS 13 CompatibleBrand Warranty of 1 Year",4.5
45,"Huawei P9 (Prestige Gold, 32 GB)","₹39,999",3 GB RAM | 32 GB ROM | Expandable Upto 128 GB13.21 cm (5.2 inch) Full HD Display12MP + 12MP | 8MP Front Camera3000 mAh BatteryHUAWEI Kirin 955 ARM Cortex-A72 64-bit + ARM Cortex-A53 64-bit Octa Core 2.5GHz ProcessorBrand Warranty of 1 Year Available for Mobile and 6 Months for Accessories,4.5
46,"Huawei P9 (Mystic Silver, 32 GB)","₹39,999",3 GB RAM | 32 GB ROM | Expandable Upto 128 GB13.21 cm (5.2 inch) Full HD Display12MP + 12MP | 8MP Front Camera3000 mAh BatteryHUAWEI Kirin 955 ARM Cortex-A72 64-bit + ARM Cortex-A53 64-bit ProcessorBrand Warranty of 1 Year Available for Mobile and 6 Months for Accessories,4.5
47,"SAMSUNG Galaxy F13 (Waterfall Blue, 128 GB)","₹10,699",4 GB RAM | 128 GB ROM | Expandable Upto 1 TB16.76 cm (6.6 inch) Full HD+ Display50MP + 5MP + 2MP | 8MP Front Camera6000 mAh Lithium Ion BatteryExynos 850 Processor1 Year Warranty Provided By the Manufacturer from Date of Purchase,4.3
48,"Huawei P9 (Prestige Gold, 32 GB)","₹39,999",3 GB RAM | 32 GB ROM | Expandable Upto 128 GB13.21 cm (5.2 inch) Full HD Display12MP + 12MP | 8MP Front Camera3000 mAh BatteryHUAWEI Kirin 955 ARM Cortex-A72 64-bit + ARM Cortex-A53 64-bit Octa Core 2.5GHz ProcessorBrand Warranty of 1 Year Available for Mobile and 6 Months for Accessories,4.5
49,"SAMSUNG Galaxy F13 (Waterfall Blue, 128 GB)","₹10,699",4 GB RAM | 128 GB ROM | Expandable Upto 1 TB16.76 cm (6.6 inch) Full HD+ Display50MP + 5MP + 2MP | 8MP Front Camera6000 mAh Lithium Ion BatteryExynos 850 Processor1 Year Warranty Provided By the Manufacturer from Date of Purchase,4.3
50,"Infinix SMART 7 (Night Black, 64 GB)","₹7,299",4 GB RAM | 64 GB ROM | Expandable Upto 2 TB16.76 cm (6.6 inch) HD+ Display13MP + AI Lens | 5MP Front Camera6000 mAh BatteryUnisoc Spreadtrum SC9863A1 Processor1 Year on Handset and 6 Months on Accessories,4.3
51,"Infinix SMART 7 (Azure Blue, 64 GB)","₹7,299",4 GB RAM | 64 GB ROM | Expandable Upto 2 TB16.76 cm (6.6 inch) HD+ Display13MP + AI Lens | 5MP Front Camera6000 mAh BatteryUnisoc Spreadtrum SC9863A1 Processor1 Year on Handset and 6 Months on Accessories,4.3
52,"Infinix HOT 30i (Diamond White, 64 GB)","₹7,999",4 GB RAM | 64 GB ROM | Expandable Upto 1 TB16.76 cm (6.6 inch) HD+ Display50MP + AI Lens | 5MP Front Camera5000 mAh BatteryG37 Processor1 Year on Handset and 6 Months on Accessories,4.3
53,"SAMSUNG Galaxy F04 (Opal Green, 64 GB)","₹7,299",4 GB RAM | 64 GB ROM | Expandable Upto 1 TB16.51 cm (6.5 inch) HD Display13MP + 2MP | 5MP Front Camera5000 mAh Lithium-Ion BatteryMediatek Helio P35 Processor1 Year Manufacturer Warranty for Device and 6 Months Manufacturer Warranty for In-Box Accessories,4.2
54,"SAMSUNG Galaxy F13 (Nightsky Green, 64 GB)","₹9,699",4 GB RAM | 64 GB ROM | Expandable Upto 1 TB16.76 cm (6.6 inch) Full HD+ Display50MP + 5MP + 2MP | 8MP Front Camera6000 mAh Lithium Ion BatteryExynos 850 Processor1 Year Warranty Provided By the Manufacturer from Date of Purchase,4.3
55,"POCO C50 (Royal Blue, 32 GB)","₹5,649","2 GB RAM | 32 GB ROM | Expandable Upto 512 GB16.56 cm (6.52 inch) HD+ Display8MP Dual Camera | 5MP Front Camera5000 mAh Lithium Polymer BatteryMediatek Helio A22 Processor, Upto 2.0 GHz Processor1 Year Manufacturer Warranty for Phone and 6 Months Warranty for In the Box Accessories",4.2
56,"SAMSUNG Galaxy F13 (Waterfall Blue, 64 GB)","₹9,699",4 GB RAM | 64 GB ROM | Expandable Upto 1 TB16.76 cm (6.6 inch) Full HD+ Display50MP + 5MP + 2MP | 8MP Front Camera6000 mAh Lithium Ion BatteryExynos 850 Processor1 Year Warranty Provided By the Manufacturer from Date of Purchase,4.3
57,"REDMI A1+ (Light Blue, 32 GB)","₹6,599",3 GB RAM | 32 GB ROM | Expandable Upto 512 GB16.56 cm (6.52 inch) HD+ Display8MP Rear Camera | 5MP Front Camera5000 mAh Lithium Polymer BatteryMediatek Helio A22 Processor1 Year Manufacturer Warranty for Phone and 6 Months Warranty for in the Box Accessories,4
58,"SAMSUNG Galaxy F13 (Sunrise Copper, 128 GB)","₹10,699",4 GB RAM | 128 GB ROM | Expandable Upto 1 TB16.76 cm (6.6 inch) Full HD+ Display50MP + 5MP + 2MP | 8MP Front Camera6000 mAh Lithium Ion BatteryExynos 850 Processor1 Year Warranty Provided By the Manufacturer from Date of Purchase,4.3
59,"REDMI A1+ (Light Green, 32 GB)","₹6,599",3 GB RAM | 32 GB ROM | Expandable Upto 512 GB16.56 cm (6.52 inch) HD+ Display8MP Rear Camera | 5MP Front Camera5000 mAh Lithium Polymer BatteryMediatek Helio A22 Processor1 Year Manufacturer Warranty for Phone and 6 Months Warranty for in the Box Accessories,4
60,"REDMI A1+ (Black, 32 GB)","₹6,599",3 GB RAM | 32 GB ROM | Expandable Upto 512 GB16.56 cm (6.52 inch) HD+ Display8MP Rear Camera | 5MP Front Camera5000 mAh Lithium Polymer BatteryMediatek Helio A22 Processor1 Year Manufacturer Warranty for Phone and 6 Months Warranty for in the Box Accessories,4
61,"MOTOROLA e13 (Cosmic Black, 64 GB)","₹7,299",4 GB RAM | 64 GB ROM | Expandable Upto 1 TB16.51 cm (6.5 inch) HD+ Display13MP Rear Camera | 5MP Front Camera5000 mAh BatteryUnisoc T606 Processor1 Year on Handset and 6 Months on Accessories,4
62,"MOTOROLA e32 (Eco Black, 64 GB)","₹7,999",4 GB RAM | 64 GB ROM | Expandable Upto 1 TB16.51 cm (6.5 inch) HD+ Display50MP + 2MP | 8MP Front Camera5000 mAh BatteryMediatek Helio G37 Processor1 Year on Handset and 6 Months on Accessories,3.9
63,"REDMI 10 (Sunrise Orange, 64 GB)","₹9,499",4 GB RAM | 64 GB ROM | Expandable Upto 1 TB17.02 cm (6.7 inch) HD+ Display50MP + 2MP | 5MP Front Camera6000 mAh Lithium Polymer BatteryQualcomm Snapdragon 680 Processor1 Year Warranty for Phone and 6 Months Warranty for In-Box Accessories,4.3
64,"SAMSUNG Galaxy F13 (Nightsky Green, 128 GB)","₹10,699",4 GB RAM | 128 GB ROM | Expandable Upto 1 TB16.76 cm (6.6 inch) Full HD+ Display50MP + 5MP + 2MP | 8MP Front Camera6000 mAh Lithium Ion BatteryExynos 850 Processor1 Year Warranty Provided By the Manufacturer from Date of Purchase,4.3
65,"MOTOROLA g13 (Lavender Blue, 128 GB)","₹9,999",4 GB RAM | 128 GB ROM | Expandable Upto 1 TB16.51 cm (6.5 inch) HD+ Display50MP + 2MP + 2MP | 8MP Front Camera5000 mAh BatteryHelio G85 Processor1 Year on Handset and 6 Months on Accessories,3.9
66,"vivo T2 5G (Velocity Wave, 128 GB)","₹20,999",8 GB RAM | 128 GB ROM16.21 cm (6.38 inch) Full HD+ Display64 MP (OIS) + 2MP | 16MP Front Camera4500 mAh BatterySnapdragon 695 Processor1 Year of Device & 6 Months for Inbox Accessories,4.4
67,"SAMSUNG Galaxy F13 (Sunrise Copper, 64 GB)","₹9,699",4 GB RAM | 64 GB ROM | Expandable Upto 1 TB16.76 cm (6.6 inch) Full HD+ Display50MP + 5MP + 2MP | 8MP Front Camera6000 mAh Lithium Ion BatteryExynos 850 Processor1 Year Warranty Provided By the Manufacturer from Date of Purchase,4.3
68,"realme C33 2023 (Aqua Blue, 128 GB)","₹10,499",4 GB RAM | 128 GB ROM | Expandable Upto 1 TB16.51 cm (6.5 inch) HD+ Display50MP + 0.3MP | 5MP Front Camera5000 mAh Lithium Ion BatteryUnisoc T612 Processor1 Year Manufacturer Warranty for Phone and 6 Months Warranty for In-Box Accessories,4.4
69,"realme C33 2023 (Night Sea, 128 GB)","₹10,499",4 GB RAM | 128 GB ROM | Expandable Upto 1 TB16.51 cm (6.5 inch) HD+ Display50MP + 0.3MP | 5MP Front Camera5000 mAh Lithium Ion BatteryUnisoc T612 Processor1 Year Manufacturer Warranty for Phone and 6 Months Warranty for In-Box Accessories,4.4
70,"realme C30 (Lake Blue, 32 GB)","₹6,499",3 GB RAM | 32 GB ROM | Expandable Upto 1 TB16.51 cm (6.5 inch) HD+ Display8MP Rear Camera | 5MP Front Camera5000 mAh Lithium Ion BatteryUnisoc T612 Processor1 Year Manufacturer Warranty for Phone and 6 Months Warranty for In-Box Accessories,4.1
71,"realme C30 (Bamboo Green, 32 GB)","₹6,499",3 GB RAM | 32 GB ROM | Expandable Upto 1 TB16.51 cm (6.5 inch) HD+ Display8MP Rear Camera | 5MP Front Camera5000 mAh Lithium Ion BatteryUnisoc T612 Processor1 Year Manufacturer Warranty for Phone and 6 Months Warranty for In-Box Accessories,4.1
72,"realme C30 (Denim Black, 32 GB)","₹5,999",2 GB RAM | 32 GB ROM | Expandable Upto 1 TB16.51 cm (6.5 inch) HD+ Display8MP Rear Camera | 5MP Front Camera5000 mAh Lithium Ion BatteryUnisoc T612 Processor1 Year Manufacturer Warranty for Phone and 6 Months Warranty for In-Box Accessories,4.2
73,"realme C30 (Denim Black, 32 GB)","₹6,499",3 GB RAM | 32 GB ROM | Expandable Upto 1 TB16.51 cm (6.5 inch) HD+ Display8MP Rear Camera | 5MP Front Camera5000 mAh Lithium Ion BatteryUnisoc T612 Processor1 Year Manufacturer Warranty for Phone and 6 Months Warranty for In-Box Accessories,4.1
74,"realme C55 (Sunshower, 128 GB)","₹13,999",8 GB RAM | 128 GB ROM | Expandable Upto 1 TB17.07 cm (6.72 inch) Full HD+ Display64MP + 2MP | 8MP Front Camera5000 mAh BatteryHelio G88 Processor1 Year Manufacturer Warranty for Phone and 6 Months Warranty for In the Box Accessories,4.4
75,"POCO C50 (Royal Blue, 32 GB)","₹6,499","3 GB RAM | 32 GB ROM | Expandable Upto 512 GB16.56 cm (6.52 inch) HD+ Display8MP Dual Camera | 5MP Front Camera5000 mAh Lithium Polymer BatteryMediatek Helio A22 Processor, Upto 2.0 GHz Processor1 Year Manufacturer Warranty for Phone and 6 Months Warranty for In the Box Accessories",4.1
76,"realme C55 (Sunshower, 64 GB)","₹11,999",6 GB RAM | 64 GB ROM | Expandable Upto 1 TB17.07 cm (6.72 inch) Full HD+ Display64MP + 2MP | 8MP Front Camera5000 mAh BatteryHelio G88 Processor1 Year Manufacturer Warranty for Phone and 6 Months Warranty for In the Box Accessories,4.3
77,"Infinix Smart 7 HD (Jade White, 64 GB)","₹6,199",2 GB RAM | 64 GB ROM | Expandable Upto 1 TB16.76 cm (6.6 inch) HD+ Display8MP + AI Lens | 5MP Front Camera5000 mAh BatterySpreadtrum SC9863A1 Processor1 Year on Handset and 6 Months on Accessories,4.4
78,"Infinix Smart 7 HD (Ink Black, 64 GB)","₹6,199","2 GB RAM | 64 GB ROM | Expandable Upto 1 TB16.76 cm (6.6 inch) HD+ Display8MP + AI Lens | 5MP Front Camera5000 mAh BatterySpreadtrum 
SC9863A1 Processor1 Year on Handset and 6 Months on Accessories",4.4
79,"SAMSUNG Galaxy F14 5G (GOAT Green, 128 GB)","₹14,490","6 GB RAM | 128 GB ROM | Expandable Upto 1 TB16.76 cm (6.6 inch) Full HD+ Display50MP + 2MP | 13MP Front Camera6000 mAh BatteryExynos 1330, Octa Core Processor1 Year Manufacturer Warranty for Device and 6 Months Manufacturer Warranty for In-Box Accessories",4.2
80,"REDMI 10 (Caribbean Green, 64 GB)","₹9,499",4 GB RAM | 64 GB ROM | Expandable Upto 1 TB17.02 cm (6.7 inch) HD+ Display50MP + 2MP | 5MP Front Camera6000 mAh Lithium Polymer BatteryQualcomm Snapdragon 680 Processor1 Year Warranty for Phone and 6 Months Warranty for In-Box Accessories,4.3
81,"POCO X5 5G (Wildcat Blue, 128 GB)","₹15,999",6 GB RAM | 128 GB ROM | Expandable Upto 1 TB16.94 cm (6.67 inch) Full HD+ Display48MP + 8MP + 2MP | 13MP Front Camera5000 mAh BatteryQualcomm Snapdragon 695 Processor1 Year Manufacturer Warranty for Phone and 6 Months Warranty for In the Box Accessories,4.2
82,Micromax J22,"₹1,125",32 MB RAM | 32 MB ROM6.1 cm (2.4 inch) Display1000 mAh Battery1 Year Manufacturer warranty,3.9
83,Micromax J22,"₹1,124",32 MB RAM | 32 MB ROM6.1 cm (2.4 inch) Display1000 mAh Battery1 Year Manufacturer warranty,3.9
84,Nokia 105SS PLUS,"₹1,422",32 MB RAM | 32 MB ROM4.5 cm (1.77 inch) QVGA Display0MP Front Camera1000 mAh BatterySC6531E Processor1 Year Manufacturer Warranty for Device and 6 Months Manufacturer Warranty for In-box Accessories Including Battery from the Date of Purchase,4.1
85,Nokia 150 DS 2020,"₹2,615",4 MB RAM | 4 MB ROM | Expandable Upto 32 GB6.1 cm (2.4 inch) Display0.3MP Rear Camera1020 mAh Lithium-ion BatteryMediaTek Processor1 Year Manufacturer Warranty for Device and 6 Months Manufacturer Warranty for In-box Accessories Including Batteries from the Date of Purchase,4.1
86,"realme 10 Pro 5G (Dark Matter, 128 GB)","₹19,999",8 GB RAM | 128 GB ROM | Expandable Upto 1 TB17.07 cm (6.72 inch) Full HD+ Display108MP + 2MP | 16MP Front Camera5000 mAh BatteryQualcomm Snapdragon 695 5G Processor1 Year Manufacturer Warranty for Phone and 6 Months Warranty for In-Box Accessories,4.3
87,"realme 10 Pro 5G (Nebula Blue, 128 GB)","₹18,999",6 GB RAM | 128 GB ROM | Expandable Upto 1 TB17.07 cm (6.72 inch) Full HD+ Display108MP + 2MP | 16MP Front Camera5000 mAh BatteryQualcomm Snapdragon 695 5G Processor1 Year Manufacturer Warranty for Phone and 6 Months Warranty for In-Box Accessories,4.3
88,"Infinix Note 12 Pro 5G (Snowfall, 128 GB)","₹15,999",8 GB RAM | 128 GB ROM | Expandable Upto 2 TB17.02 cm (6.7 inch) Full HD+ AMOLED Display108MP + 2MP (Depth) + 2MP (Macro) | 16MP Front Camera5000 mAh Li-ion Polymer BatteryMediatek Dimensity 810 5G Processor1 Year on Handset and 6 Months on Accessories,4.1
89,"Infinix Note 12 Pro 5G (Force Black, 128 GB)","₹15,999",8 GB RAM | 128 GB ROM | Expandable Upto 2 TB17.02 cm (6.7 inch) Full HD+ AMOLED Display108MP + 2MP (Depth) + 2MP (Macro) | 16MP Front Camera5000 mAh Li-ion Polymer BatteryMediatek Dimensity 810 5G Processor1 Year on Handset and 6 Months on Accessories,4.1
90,"SAMSUNG Galaxy F23 5G (Aqua Blue, 128 GB)","₹16,999",6 GB RAM | 128 GB ROM | Expandable Upto 1 TB16.76 cm (6.6 inch) Full HD+ Display50MP + 8MP + 2MP | 8MP Front Camera5000 mAh Lithium Ion BatteryQualcomm Snapdragon 750G Processor1 Year Warranty Provided by the Manufacturer from Date of Purchase,4.3
91,"APPLE iPhone 14 (Midnight, 128 GB)","₹69,999","128 GB ROM15.49 cm (6.1 inch) Super Retina XDR Display12MP + 12MP | 12MP Front CameraA15 Bionic Chip, 6 Core Processor Processor1 Year Warranty for Phone and 6 Months Warranty for In-Box Accessories",4.6
92,"APPLE iPhone 14 (Purple, 128 GB)","₹69,999","128 GB ROM15.49 cm (6.1 inch) Super Retina XDR Display12MP + 12MP | 12MP Front CameraA15 Bionic Chip, 6 Core Processor Processor1 Year Warranty for Phone and 6 Months Warranty for In-Box Accessories",4.6
93,"realme 10 Pro 5G (Dark Matter, 128 GB)","₹18,999",6 GB RAM | 128 GB ROM | Expandable Upto 1 TB17.07 cm (6.72 inch) Full HD+ Display108MP + 2MP | 16MP Front Camera5000 mAh BatteryQualcomm Snapdragon 695 5G Processor1 Year Manufacturer Warranty for Phone and 6 Months Warranty for In-Box Accessories,4.3
94,"realme 10 Pro 5G (Hyperspace, 128 GB)","₹19,999",8 GB RAM | 128 GB ROM | Expandable Upto 1 TB17.07 cm (6.72 inch) Full HD+ Display108MP + 2MP | 16MP Front Camera5000 mAh BatteryQualcomm Snapdragon 695 5G Processor1 Year Manufacturer Warranty for Phone and 6 Months Warranty for In-Box Accessories,4.3
95,"realme 10 Pro 5G (Nebula Blue, 128 GB)","₹19,999",8 GB RAM | 128 GB ROM | Expandable Upto 1 TB17.07 cm (6.72 inch) Full HD+ Display108MP + 2MP | 16MP Front Camera5000 mAh BatteryQualcomm Snapdragon 695 5G Processor1 Year Manufacturer Warranty for Phone and 6 Months Warranty for In-Box Accessories,4.3
96,"realme 10 Pro 5G (Nebula Blue, 128 GB)","₹19,999",8 GB RAM | 128 GB ROM | Expandable Upto 1 TB17.07 cm (6.72 inch) Full HD+ Display108MP + 2MP | 16MP Front Camera5000 mAh BatteryQualcomm Snapdragon 695 5G Processor1 Year Manufacturer Warranty for Phone and 6 Months Warranty for In-Box Accessories,4.3
97,"REDMI 10 (Pacific Blue, 128 GB)","₹10,999",6 GB RAM | 128 GB ROM | Expandable Upto 1 TB17.02 cm (6.7 inch) HD+ Display50MP + 2MP | 5MP Front Camera6000 mAh Lithium Polymer BatteryQualcomm Snapdragon 680 Processor1 Year Warranty for Phone and 6 Months Warranty for In-Box Accessories,4.2
98,"APPLE iPhone 14 (Starlight, 128 GB)","₹69,999","128 GB ROM15.49 cm (6.1 inch) Super Retina XDR Display12MP + 12MP | 12MP Front CameraA15 Bionic Chip, 6 Core Processor Processor1 Year Warranty for Phone and 6 Months Warranty for In-Box Accessories",4.6
99,"REDMI 10 (Midnight Black, 64 GB)","₹9,499",4 GB RAM | 64 GB ROM | Expandable Upto 1 TB17.02 cm (6.7 inch) HD+ Display50MP + 2MP | 5MP Front Camera6000 mAh Lithium Polymer BatteryQualcomm Snapdragon 680 Processor1 Year Warranty for Phone and 6 Months Warranty for In-Box Accessories,4.3
100,DIZO Star 500,"₹1,845",32 MB RAM | 32 MB ROM | Expandable Upto 64 GB7.11 cm (2.8 inch) QVGA Display0.3MP Rear Camera1900 mAh BatterySC6531E Processor1 Year Warranty,4
101,itel It2171,₹999,"32 MB RAM | 32 MB ROM | Expandable Upto 32 GB4.57 cm (1.8 inch) Quarter QVGA Display0.3MP Rear Camera1000 mAh Battery100 Days Replacement Warranty, 1 year warranty for Handset & 6 Months Warranty for Accessories",4.1
102,itel It2171,₹999,"32 MB RAM | 32 MB ROM | Expandable Upto 32 GB4.57 cm (1.8 inch) Quarter QVGA Display0.3MP Rear Camera1000 mAh Battery100 Days Replacement Warranty, 1 year warranty for Handset & 6 Months Warranty for Accessories",4.1
103,itel MagicX Pro (4G Hotspot),"₹2,365",64 MB RAM | 128 MB ROM6.1 cm (2.4 inch) Display0.3MP Rear Camera2500 mAh Battery2 Years Manufacturer Warranty on Device and 6 Months on Accessories,3.9
104,"realme 10 (Clash White, 64 GB)","₹12,499",4 GB RAM | 64 GB ROM | Expandable Upto 1 TB16.26 cm (6.4 inch) Full HD+ Display50MP + 2MP | 16MP Front Camera5000 mAh BatteryMediatek Helio G99 Octa Core Processor1 Year Manufacturer Warranty for Phone and 6 Months Warranty for In-Box Accessories,4.3
105,A10E,"₹1,299",4 MB RAM | 32 MB ROM | Expandable Upto 64 GB4.57 cm (1.8 inch) Display800 mAh Battery2 Years Domestic Replacement Warranty,4.1
106,A10E,"₹1,299",4 MB RAM | 32 MB ROM4.57 cm (1.8 inch) Display800 mAh Battery2 Years Domestic Replacement Warranty,4.1
107,Micromax X415,"₹1,049",56 MB RAM | 36 MB ROM4.5 cm (1.77 inch) Display0.03MP Rear Camera1000 mAh Battery1 Year Brand Warranty,3.9
108,itel MagicX Pro (4G Hotspot),"₹2,365",64 MB RAM | 128 MB ROM6.1 cm (2.4 inch) Display0.3MP Rear Camera2500 mAh Battery2 years warranty on mobile device & 6 months on accessories.,3.9
109,Nokia 105 TA-1473 SS,"₹1,299",32 MB RAM | 32 MB ROM4.5 cm (1.77 inch) QVGA Display0MP Front Camera800 mAh Lithium Ion BatterySC6531E Processor1 Year Manufacturer Warranty for Device and 6 Months Manufacturer Warranty for In-box Accessories Including Battery from the Date of Purchase,4.2
110,SAMSUNG GT-E1215ZKAINS,"₹1,749",NA ROM3.81 cm (1.5 inch) NA Display800 mAh Battery0 0 0 0 Processor Processor1 Year for Mobile & 6 Months for Accessories,4.3
111,"realme 10 (Rush Black, 128 GB)","₹15,499",8 GB RAM | 128 GB ROM | Expandable Upto 1 TB16.26 cm (6.4 inch) Full HD+ Display50MP + 2MP | 16MP Front Camera5000 mAh BatteryMediatek Helio G99 Octa Core Processor1 Year Manufacturer Warranty for Phone and 6 Months Warranty for In-Box Accessories,4.3
112,Nokia TA-1174 / TA-1299,"₹1,560",4 MB RAM | 4 MB ROM4.57 cm (1.8 inch) Display800 mAh Battery1 Year Manufacturer Warranty,4.2
113,"Infinix HOT 20 5G (Blaster Green, 64 GB)","₹11,499",4 GB RAM | 64 GB ROM | Expandable Upto 1 TB16.76 cm (6.6 inch) Full HD+ Display50MP + AI Lens | 8MP Front Camera5000 mAh Li-ion Polymer BatteryDimensity 810 Processor1 Year on Handset and 6 Months on Accessories,4.2
114,GFive U220+,₹725,32 MB RAM | 32 ROM4.57 cm (1.8 inch) Display0.3MP Rear Camera1000 mAh Battery1 Year Manufacturer warranty.,3.6
115,"Google Pixel 6a (Chalk, 128 GB)","₹28,999",6 GB RAM | 128 GB ROM15.6 cm (6.14 inch) Full HD+ Display12.2MP + 12MP | 8MP Front Camera4410 mAh BatteryGoogle Tensor Processor1 Year Brand Warranty,4.3
116,"REDMI Note 12 5G (Frosted Green, 128 GB)","₹18,999",6 GB RAM | 128 GB ROM | Expandable Upto 1 TB16.94 cm (6.67 inch) Full HD+ Display48MP + 8MP + 2MP | 13MP Front Camera5000 mAh BatteryQualcomm Snapdragon 4 Gen 1 Processor1 Year Manufacturer Warranty for Phone and 6 Months Warranty for In the Box Accessories,4.2
117,Good One G5605,₹999,32 MB RAM | 32 MB ROM | Expandable Upto 32 GB4.57 cm (1.8 inch) Display2MP Rear Camera2500 mAh Battery12 Months Warranty,3.9
118,"Google Pixel 6a (Charcoal, 128 GB)","₹28,999",6 GB RAM | 128 GB ROM15.6 cm (6.14 inch) Full HD+ Display12.2MP + 12MP | 8MP Front Camera4410 mAh BatteryGoogle Tensor Processor1 Year Brand Warranty,4.3
119,"REDMI Note 12 5G (Matte Black, 128 GB)","₹18,999",6 GB RAM | 128 GB ROM | Expandable Upto 1 TB16.94 cm (6.67 inch) Full HD+ Display48MP + 8MP + 2MP | 13MP Front Camera5000 mAh BatteryQualcomm Snapdragon 4 Gen 1 Processor1 Year Manufacturer Warranty for Phone and 6 Months Warranty for In the Box Accessories,4.2
120,DIZO Star 300,"₹1,375",32 MB RAM | 32 MB ROM | Expandable Upto 64 GB4.5 cm (1.77 inch) Quarter QVGA Display0.3MP Rear Camera2550 mAh BatterySC6531E Processor1 Year Warranty,3.9
121,"SAMSUNG Galaxy F23 5G (Copper Blush, 128 GB)","₹16,999",6 GB RAM | 128 GB ROM | Expandable Upto 1 TB16.76 cm (6.6 inch) Full HD+ Display50MP + 8MP + 2MP | 8MP Front Camera5000 mAh Lithium Ion BatteryQualcomm Snapdragon 750G Processor1 Year Warranty Provided by the Manufacturer from Date of Purchase,4.3
122,Cellecor E6+,"₹1,236",32 MB RAM | 32 MB ROM4.57 cm (1.8 inch) Display0.8MP Rear Camera2750 mAh Battery1 year warranty for device and 6months warranty for accessories,3.6
123,Cellecor E10,"₹1,353",32 MB RAM | 32 MB ROM | Expandable Upto 32 GB6.1 cm (2.4 inch) Display0.8MP Rear Camera2750 mAh Battery1 Year Manufacturer Warranty,3.7
124,"REDMI Note 12 5G (Matte Black, 128 GB)","₹16,999",4 GB RAM | 128 GB ROM | Expandable Upto 1 TB16.94 cm (6.67 inch) Full HD+ Display48MP + 8MP + 2MP | 13MP Front Camera5000 mAh BatteryQualcomm Snapdragon 4 Gen 1 Processor1 Year Manufacturer Warranty for Phone and 6 Months Warranty for In the Box Accessories,4
125,SAMSUNG Guru Music 2 SM-B315E,"₹2,350",Expandable Upto 16 GB5.08 cm (2 inch) QVGA Display0MP Front Camera800 mAh Battery0 0 0 208MHz Processor1 Year Manufacturer's Warranty,4.2
126,Cellecor C60+,"₹1,293",32 MB RAM | 32 MB ROM | Expandable Upto 32 GB4.57 cm (1.8 inch) Display0.8MP Rear Camera2750 mAh Battery1 Year Manufacturer Warranty,3.6
127,DIZO Star 300,"₹1,375",32 MB RAM | 32 MB ROM | Expandable Upto 64 GB4.5 cm (1.77 inch) Quarter QVGA Display0.3MP Rear Camera2550 mAh BatterySC6531E Processor1 Year Warranty,3.9
128,"SAMSUNG Galaxy M04 (Dark Blue, 64 GB)","₹7,870",4 GB RAM | 64 GB ROM | Expandable Upto 1 TB16.51 cm (6.5 inch) HD+ Display13MP + 2MP | 5MP Front Camera5000 mAh BatteryMediaTek Helio P35 Processor1 year manufacturer warranty for device and 6 months manufacturer warranty for in-box accessories including batteries from the date of purchase,4.1
129,Nokia 105 SS,"₹1,599",32 MB RAM | 32 MB ROM4.5 cm (1.77 inch) QVGA Display0MP Front Camera800 mAh Lithium Ion BatterySC6531E Processor1 Year Manufacturer Warranty for Device and 6 Months Manufacturer Warranty for In-box Accessories Including Battery from the Date of Purchase,4.2
130,Nokia TA-1174 / TA-1299,"₹1,560",4 MB RAM | 4 MB ROM4.57 cm (1.8 inch) Display800 mAh Battery1 Year Manufacturer Warranty,4.2
131,LAVA 34 Ultra,"₹1,629",24 MB RAM | 32 MB ROM | Expandable Upto 64 GB6.1 cm (2.4 inch) Display0.8MP Rear Camera2575 mAh Li-ion Battery1 Year Manufacturer Replacement Guarantee for Phone and 6 Months Replacement for Accessories In the Box,4.1
132,GFive U106,₹749,32 MB RAM | 64 MB ROM | Expandable Upto 16 GB4.57 cm (1.8 inch) Display0.3MP Rear Camera950 mAh Battery1 Year Manufacturer warranty.,3.5
133,Micromax X708,"₹1,305",32 MB RAM | 32 MB ROM6.1 cm (2.4 inch) Display0.3MP Rear Camera1450 mAh BatteryOne Year manufacturer Warranty,3.9
134,"Infinix HOT 20 5G (Racing Black, 64 GB)","₹11,499",4 GB RAM | 64 GB ROM | Expandable Upto 1 TB16.76 cm (6.6 inch) Full HD+ Display50MP + AI Lens | 8MP Front Camera5000 mAh Li-ion Polymer BatteryDimensity 810 Processor1 Year on Handset and 6 Months on Accessories,4.2
135,"realme GT 2 (Paper White, 128 GB)","₹23,999",8 GB RAM | 128 GB ROM16.81 cm (6.62 inch) Full HD+ AMOLED Display50MP + 8MP + 2MP | 16MP Front Camera5000 mAh Lithium Ion BatteryQualcomm Snapdragon 888 Processor1 Year Manufacturer Warranty for Phone and 6 Months Warranty for In-Box Accessories,4.3
136,itel It2171,"₹1,099","32 MB RAM | 32 MB ROM4.57 cm (1.8 inch) Display0.3MP Rear Camera1000 mAh Battery100 Days Replacement Warranty, 1 year warranty for Handset & 6 Months Warranty for Accessories",4.1
137,Micromax X412,₹914,32 MB RAM | 32 MB ROM4.5 cm (1.77 inch) Display800 mAh Battery12 Month,3.9
138,Nokia 150 TA-1235 DS,"₹2,614",4 MB RAM | 4 MB ROM | Expandable Upto 32 GB6.1 cm (2.4 inch) Display0.3MP Rear Camera1020 mAh Lithium-ion BatteryMediaTek Processor1 Year Manufacturer Warranty for Device and 6 Months Manufacturer Warranty for In-box Accessories Including Batteries from the Date of Purchase,4.1
139,"Infinix Hot 20 5G (Space Blue, 128 GB)","₹13,499",6 GB RAM | 128 GB ROM | Expandable Upto 1 TB16.76 cm (6.6 inch) Full HD+ Display50MP + AI Lens | 8MP Front Camera5000 mAh Li-ion Polymer BatteryDimensity 810 Processor1 Year on Handset and 6 Months on Accessories,4.1
140,Micromax X512,"₹1,109",30 MB RAM | 24 MB ROM4.5 cm (1.77 inch) Display1750 mAh Battery1 Year Warranty,4
141,"REDMI 10 (Midnight Black, 128 GB)","₹10,999",6 GB RAM | 128 GB ROM | Expandable Upto 1 TB17.02 cm (6.7 inch) HD+ Display50MP + 2MP | 5MP Front Camera6000 mAh Lithium Polymer BatteryQualcomm Snapdragon 680 Processor1 Year Warranty for Phone and 6 Months Warranty for In-Box Accessories,4.2
142,Micromax X708,"₹1,298",32 MB RAM | 32 MB ROM6.1 cm (2.4 inch) Display0.3MP Rear Camera1450 mAh BatteryOne Year manufacturer Warranty,3.9
143,"POCO X5 5G (Jaguar Black, 256 GB)","₹17,999",8 GB RAM | 256 GB ROM | Expandable Upto 1 TB16.94 cm (6.67 inch) Full HD+ Display48MP + 8MP + 2MP | 13MP Front Camera5000 mAh BatteryQualcomm Snapdragon 695 Processor1 Year Manufacturer Warranty for Phone and 6 Months Warranty for In the Box Accessories,4.1
144,Nokia 105 SS 2021,"₹1,449",4 MB RAM | 4 MB ROM4.5 cm (1.77 inch) Quarter QVGA Display800 mAh Lithium Ion BatteryBrand Warranty of 1 Year Available for Mobile,4.2
145,GFive L228,"₹1,099",32 MB RAM | 32 MB ROM | Expandable Upto 16 GB7.11 cm (2.8 inch) Display0.3MP Rear Camera3000 mAh Battery1 Year Manufacturer warranty.,3.4
146,Cellecor E6+,"₹1,236",32 MB RAM | 32 MB ROM4.57 cm (1.8 inch) Display0.8MP Rear Camera2750 mAh Battery1 year warranty for device and 6months warranty for accessories,3.6
147,Cellecor E10,"₹1,353",32 MB RAM | 32 MB ROM | Expandable Upto 32 GB6.1 cm (2.4 inch) Display0.8MP Rear Camera2750 mAh Battery1 Year Manufacturer Warranty,3.7
148,Snexian GURU 312,₹699,32 MB RAM | 32 MB ROM | Expandable Upto 16 GB4.57 cm (1.8 inch) Quarter QVGA Display0.3MP Rear Camera800 mAh Battery3 Months Company Warranty,3.4
149,LAVA Hero 600i,₹899,4 MB RAM | 3 MB ROM | Expandable Upto 32 GB4.57 cm (1.8 inch) Display620 mAh Battery1 year manufacturer warranty for device and 6 months manufacturer warranty for in-box accessories including batteries from the date of purchase,4
150,Nokia 105 TA-1416 DS,"₹1,599",32 MB RAM | 32 MB ROM4.5 cm (1.77 inch) QVGA Display0MP Front Camera800 mAh Lithium Ion BatterySC6531E Processor1 Year Manufacturer Warranty for Device and 6 Months Manufacturer Warranty for In-box Accessories Including Battery from the Date of Purchase,4.1
151,LAVA A3 Power,"₹1,339",0 GB ROM | Expandable Upto 32 GB4.5 cm (1.77 inch) Quarter QVGA Display0.3MP Rear Camera2575 mAh Li-ion Battery1 Year Manufacturer Replacement Guarantee for Phone and 6 Months Replacement for Accessories In the Box,4.1
152,Cellecor C60+,"₹1,293",32 MB RAM | 32 MB ROM | Expandable Upto 32 GB4.57 cm (1.8 inch) Display0.8MP Rear Camera2750 mAh Battery1 Year Manufacturer Warranty,3.6
153,Nokia 125 TA-1253 DS,"₹2,225",4 MB RAM | 4 MB ROM6.1 cm (2.4 inch) Display1020 mAh Lithium-ion BatteryMediaTek Processor1 Year Manufacturer Warranty for Device and 6 Months Manufacturer Warranty for In-box Accessories Including Batteries from the Date of Purchase,4
154,"realme 9 5G SE (Starry Glow, 128 GB)","₹17,999",8 GB RAM | 128 GB ROM | Expandable Upto 1 TB16.76 cm (6.6 inch) Full HD+ Display48MP + 2MP + 2MP | 16MP Front Camera5000 mAh Lithium Polymer BatteryQualcomm Snapdragon 778G Processor1 Year Warranty for Phone and 6 Months Warranty for In-Box Accessories,4.4
155,"realme 9 5G SE (Azure Glow, 128 GB)","₹17,999",8 GB RAM | 128 GB ROM | Expandable Upto 1 TB16.76 cm (6.6 inch) Full HD+ Display48MP + 2MP + 2MP | 16MP Front Camera5000 mAh Lithium Polymer BatteryQualcomm Snapdragon 778G Processor1 Year Warranty for Phone and 6 Months Warranty for In-Box Accessories,4.4
156,"POCO X5 Pro 5G (Horizon Blue, 256 GB)","₹23,999",8 GB RAM | 256 GB ROM16.94 cm (6.67 inch) Full HD+ Display108MP + 8MP + 2MP | 16MP Front Camera5000 mAh BatteryQualcomm Snapdragon 778G Processor1 Year Manufacturer Warranty for Phone and 6 Months Warranty for in the Box Accessories,4.3
157,"realme 9i 5G (Soulful Blue, 128 GB)","₹16,999",6 GB RAM | 128 GB ROM | Expandable Upto 1 TB16.76 cm (6.6 inch) Full HD+ Display50MP + 2MP + 2MP | 8MP Front Camera5000 mAh Lithium Ion BatteryMediatek Dimensity 810 5G Processor1 Year Manufacturer Warranty for Phone and 6 Months Warranty for In-Box Accessories,4.3
158,Kechaoda K112,"₹1,489",32 MB RAM | 64 MB ROM | Expandable Upto 32 GB6.1 cm (2.4 inch) QVGA Display0.3MP Rear Camera3600 mAh Battery1 Year Manufacturer Warranty,4
159,"realme 9i 5G (Rocking Black, 64 GB)","₹14,999",4 GB RAM | 64 GB ROM | Expandable Upto 1 TB16.76 cm (6.6 inch) Full HD+ Display50MP + 2MP + 2MP | 8MP Front Camera5000 mAh Lithium Ion BatteryMediatek Dimensity 810 5G Processor1 Year Manufacturer Warranty for Phone and 6 Months Warranty for In-Box Accessories,4.5
160,SAMSUNG Guru Music 2,"₹2,499",NA ROM5.08 cm (2 inch) NA Display800 mAh Battery1 Year Manufacturer Warranty,4.3
161,DIZO Star 500,"₹1,650",32 MB RAM | 32 MB ROM | Expandable Upto 64 GB7.11 cm (2.8 inch) QVGA Display0.3MP Rear Camera1900 mAh BatterySC6531E Processor1 Year Warranty,4
162,GFive U106,₹749,32 MB RAM | 64 MB ROM | Expandable Upto 16 GB4.57 cm (1.8 inch) Display0.3MP Rear Camera950 mAh Battery1 Year Manufacturer warranty.,3.5
163,"REDMI 10 (Midnight Black, 128 GB)","₹10,999",6 GB RAM | 128 GB ROM | Expandable Upto 1 TB17.02 cm (6.7 inch) HD+ Display50MP + 2MP | 5MP Front Camera6000 mAh Lithium Polymer BatteryQualcomm Snapdragon 680 Processor1 Year Warranty for Phone and 6 Months Warranty for In-Box Accessories,4.2
164,"REDMI Note 12 5G (Frosted Green, 128 GB)","₹16,999",4 GB RAM | 128 GB ROM | Expandable Upto 1 TB16.94 cm (6.67 inch) Full HD+ Display48MP + 8MP + 2MP | 13MP Front Camera5000 mAh BatteryQualcomm Snapdragon 4 Gen 1 Processor1 Year Manufacturer Warranty for Phone and 6 Months Warranty for In the Box Accessories,4
165,Nokia 150 DS 2020,"₹2,615",4 MB RAM | 4 MB ROM | Expandable Upto 32 GB6.1 cm (2.4 inch) Display0.3MP Rear Camera1020 mAh Lithium-ion BatteryMediaTek Processor1 Year Manufacturer Warranty for Device and 6 Months Manufacturer Warranty for In-box Accessories Including Batteries from the Date of Purchase,4.1
166,"realme 9i 5G (Rocking Black, 128 GB)","₹16,999",6 GB RAM | 128 GB ROM | Expandable Upto 1 TB16.76 cm (6.6 inch) Full HD+ Display50MP + 2MP + 2MP | 8MP Front Camera5000 mAh Lithium Ion BatteryMediatek Dimensity 810 5G Processor1 Year Manufacturer Warranty for Phone and 6 Months Warranty for In-Box Accessories,4.3
167,"realme 9i 5G (Metallica Gold, 128 GB)","₹16,999",6 GB RAM | 128 GB ROM | Expandable Upto 1 TB16.76 cm (6.6 inch) Full HD+ Display50MP + 2MP + 2MP | 8MP Front Camera5000 mAh Lithium Ion BatteryMediatek Dimensity 810 5G Processor1 Year Manufacturer Warranty for Phone and 6 Months Warranty for In-Box Accessories,4.3
168,Jmax J30,₹699,32 MB RAM | 32 MB ROM4.57 cm (1.8 inch) Display2MP Rear Camera1050 mAh BatteryDomestic Warranty,3.5
169,"vivo T1 44W (Midnight Galaxy, 128 GB)","₹17,999",8 GB RAM | 128 GB ROM | Expandable Upto 1 TB16.36 cm (6.44 inch) Full HD+ AMOLED Display50MP + 2MP + 2MP | 16MP Front Camera5000 mAh Lithium BatteryQualcomm Snapdragon 680 Processor1 Year Handset and 6 Months Accessories,4.3
170,"vivo T1 44W (Ice Dawn, 128 GB)","₹17,999",8 GB RAM | 128 GB ROM | Expandable Upto 1 TB16.36 cm (6.44 inch) Full HD+ AMOLED Display50MP + 2MP + 2MP | 16MP Front Camera5000 mAh Lithium BatteryQualcomm Snapdragon 680 Processor1 Year Handset and 6 Months Accessories,4.3
171,Cellecor E6+,"₹1,236",32 MB RAM | 32 MB ROM4.57 cm (1.8 inch) Display0.8MP Rear Camera2750 mAh Battery1 year warranty for device and 6months warranty for accessories,3.6
172,"vivo T1 44W (Midnight Galaxy, 128 GB)","₹14,499",4 GB RAM | 128 GB ROM | Expandable Upto 1 TB16.36 cm (6.44 inch) Full HD+ AMOLED Display50MP + 2MP + 2MP | 16MP Front Camera5000 mAh Lithium BatteryQualcomm Snapdragon 680 Processor1 Year Handset and 6 Months Accessories,4.5
173,"vivo T1 44W (Ice Dawn, 128 GB)","₹15,999",6 GB RAM | 128 GB ROM | Expandable Upto 1 TB16.36 cm (6.44 inch) Full HD+ AMOLED Display50MP + 2MP + 2MP | 16MP Front Camera5000 mAh Lithium BatteryQualcomm Snapdragon 680 Processor1 Year Handset and 6 Months Accessories,4.4
174,"POCO X4 Pro 5G (Yellow, 128 GB)","₹17,499","6 GB RAM | 128 GB ROM | Expandable Upto 1 TB16.94 cm (6.67 inch) Full HD+ Super AMOLED Display64MP + 8MP + 2MP | 16MP Front Camera5000 mAh Lithium-ion Polymer BatteryQualcomm Snapdragon 695 5G ProcessorOne Year for Handset, 6 Months for Accessories",4.2
175,Cellecor E8 Plus,"₹1,396",32 MB RAM | 32 MB ROM6.1 cm (2.4 inch) Display0.8MP Rear Camera2750 mAh Battery1 year warranty for device and 6months warranty for accessories,3.6
176,PHILIPS Xenium E209,"₹1,255",32 MB RAM | 32 MB ROM | Expandable Upto 16 GB6.1 cm (2.4 inch) QVGA Display0.08MP Rear Camera1000 mAh Li-ion Battery1 Year Warranty on Mobile and 6 Months on Battery,3.9
177,LAVA A3,"₹1,275",4 MB RAM | 3 MB ROM | Expandable Upto 32 GB4.5 cm (1.77 inch) Display0.3MP Rear Camera | 0.3MP Front Camera1750 mAh Battery1 year manufacturer Replacement for device and 6 months manufacturer warranty for in-box accessories including batteries from the date of purchase,4.2
178,"APPLE iPhone 14 (Blue, 128 GB)","₹69,999","128 GB ROM15.49 cm (6.1 inch) Super Retina XDR Display12MP + 12MP | 12MP Front CameraA15 Bionic Chip, 6 Core Processor Processor1 Year Warranty for Phone and 6 Months Warranty for In-Box Accessories",4.6
179,Cellecor E10,"₹1,353",32 MB RAM | 32 MB ROM | Expandable Upto 32 GB6.1 cm (2.4 inch) Display0.8MP Rear Camera2750 mAh Battery1 Year Manufacturer Warranty,3.7
180,GFive U873,₹749,32 MB RAM | 32 MB ROM | Expandable Upto 16 GB4.57 cm (1.8 inch) Display0.3MP Rear Camera1000 mAh Battery1 Year Manufacturer warranty.,3.6
181,Kechaoda K66 The Music House 4,"₹1,330",32 MB RAM | 64 MB ROM3.66 cm (1.44 inch) Display1.3MP Rear Camera400 mAh Battery1 year brand Service Center Warranty,3.9
182,"REDMI 9 Activ (Coral Green, 128 GB)","₹9,499",6 GB RAM | 128 GB ROM | Expandable Upto 512 GB16.59 cm (6.53 inch) HD+ Display13MP + 2MP | 5MP Front Camera5000 mAh Lithium Polymer BatteryMediatek Helio G35 Processor1 Year Manufacturer Warranty for Phone and 6 Months Warranty for in the Box Accessories,4.2
183,Cellecor C60+,"₹1,293",32 MB RAM | 32 MB ROM | Expandable Upto 32 GB4.57 cm (1.8 inch) Display0.8MP Rear Camera2750 mAh Battery1 Year Manufacturer Warranty,3.6
184,LAVA A1 Josh 2021,"₹1,099",0 MB ROM | Expandable Upto 32 GB4.5 cm (1.77 inch) Quarter QVGA Display800 mAh Li-ion Battery1 Year Manufacturer Replacement Guarantee for Phone and 6 months Replacement for Accessories in the Box,4.1
185,Micromax X512,"₹1,037",32 MB RAM | 32 MB ROM4.5 cm (1.77 inch) Display0.3MP Rear Camera1750 mAh Battery1 Year Warranty,3.9
186,"realme 9i 5G (Metallica Gold, 64 GB)","₹14,999",4 GB RAM | 64 GB ROM | Expandable Upto 1 TB16.76 cm (6.6 inch) Full HD+ Display50MP + 2MP + 2MP | 8MP Front Camera5000 mAh Lithium Ion BatteryMediatek Dimensity 810 5G Processor1 Year Manufacturer Warranty for Phone and 6 Months Warranty for In-Box Accessories,4.5
187,Kechaoda K66 The Music House 4,"₹1,330",32 MB RAM | 64 MB ROM | Expandable Upto 32 GB4.57 cm (1.8 inch) Display1.3MP Rear Camera400 mAh Battery1 Year Brand Service Center Warranty,3.9
188,LAVA A1,"₹1,129",24 MB RAM | 24 MB ROM | Expandable Upto 32 GB4.5 cm (1.77 inch) Quarter QVGA Display0.3MP Rear Camera800 mAh Battery1 Year Replacement Guarantee for Phone and 6 Months Replacement Guarantee for Accessories in Box (T&C Apply),4.2
189,LAVA A3,"₹1,275",0 GB ROM | Expandable Upto 32 GB4.5 cm (1.77 inch) Display0.3MP Rear Camera | 0.3MP Front Camera1750 mAh Battery1 year manufacturer Replacement for device and 6 months manufacturer warranty for in-box accessories including batteries from the date of purchase,4.2
190,"Infinix Hot 20 5G (Racing Black, 128 GB)","₹13,499",6 GB RAM | 128 GB ROM | Expandable Upto 1 TB16.76 cm (6.6 inch) Full HD+ Display50MP + AI Lens | 8MP Front Camera5000 mAh Li-ion Polymer BatteryDimensity 810 Processor1 Year on Handset and 6 Months on Accessories,4.1
191,LAVA Hero 600i,₹899,4 MB RAM | 3 MB ROM | Expandable Upto 32 GB4.57 cm (1.8 inch) QVGA Display620 mAh Battery1 year manufacturer warranty for device and 6 months manufacturer warranty for in-box accessories including batteries from the date of purchase,4
